-- ═══════════════════════════════════════════════════════════════
-- FarmBalance — 지자체(Gov) 대시보드용 개발/발표용 Seed 데이터
-- 기존 ERD 테이블 기준 INSERT (DDL 변경 없음)
-- ⚠ 운영 데이터 아님 — 발표/시연용
-- ═══════════════════════════════════════════════════════════════

DELETE FROM download_history WHERE user_id >= 9000 AND user_id <= 9999;
DELETE FROM order_items WHERE order_id IN (SELECT id FROM orders WHERE buyer_id >= 9000 AND buyer_id <= 9999);
DELETE FROM order_items WHERE product_id IN (SELECT id FROM products WHERE seller_id >= 9000 AND seller_id <= 9999);
DELETE FROM orders WHERE buyer_id >= 9000 AND buyer_id <= 9999;
DELETE FROM balance_data WHERE crop_id >= 9000 AND crop_id <= 9999;
DELETE FROM seed_registrations WHERE farm_id IN (SELECT id FROM farms WHERE user_id >= 9000 AND user_id <= 9999);
DELETE FROM products WHERE seller_id >= 9000 AND seller_id <= 9999;
DELETE FROM product_categories WHERE id >= 9000 AND id <= 9999;
DELETE FROM farm_crops WHERE farm_id IN (SELECT id FROM farms WHERE user_id >= 9000 AND user_id <= 9999);
DELETE FROM farms WHERE user_id >= 9000 AND user_id <= 9999;
DELETE FROM crops WHERE id >= 9000 AND id <= 9999;
DELETE FROM crop_categories WHERE id >= 9000 AND id <= 9999;
DELETE FROM users WHERE id >= 9000 AND id <= 9999;

-- ═══════ 2. users (농업인 25명 + 구매자 5명 + 지자체 1명) ═══════
INSERT INTO users (id, email, password, name, phone, role, status, created_at) VALUES
(9001,'gov_farmer01@gov-seed.local','$2a$10$dummy','김양평','010-1111-0001','FARMER','ACTIVE','2025-01-10 09:00:00'),
(9002,'gov_farmer02@gov-seed.local','$2a$10$dummy','이용문','010-1111-0002','FARMER','ACTIVE','2025-01-15 09:00:00'),
(9003,'gov_farmer03@gov-seed.local','$2a$10$dummy','박강하','010-1111-0003','FARMER','ACTIVE','2025-02-01 09:00:00'),
(9004,'gov_farmer04@gov-seed.local','$2a$10$dummy','최청운','010-1111-0004','FARMER','ACTIVE','2025-02-10 09:00:00'),
(9005,'gov_farmer05@gov-seed.local','$2a$10$dummy','정양서','010-1111-0005','FARMER','ACTIVE','2025-03-01 09:00:00'),
(9006,'gov_farmer06@gov-seed.local','$2a$10$dummy','한옥천','010-1111-0006','FARMER','ACTIVE','2025-03-15 09:00:00'),
(9007,'gov_farmer07@gov-seed.local','$2a$10$dummy','오양평','010-1111-0007','FARMER','ACTIVE','2025-04-01 09:00:00'),
(9008,'gov_farmer08@gov-seed.local','$2a$10$dummy','서용문','010-1111-0008','FARMER','ACTIVE','2025-04-10 09:00:00'),
(9009,'gov_farmer09@gov-seed.local','$2a$10$dummy','장강하','010-1111-0009','FARMER','ACTIVE','2025-05-01 09:00:00'),
(9010,'gov_farmer10@gov-seed.local','$2a$10$dummy','윤청운','010-1111-0010','FARMER','ACTIVE','2025-05-15 09:00:00'),
(9011,'gov_farmer11@gov-seed.local','$2a$10$dummy','임양서','010-1111-0011','FARMER','ACTIVE','2025-06-01 09:00:00'),
(9012,'gov_farmer12@gov-seed.local','$2a$10$dummy','강옥천','010-1111-0012','FARMER','ACTIVE','2025-06-10 09:00:00'),
(9013,'gov_farmer13@gov-seed.local','$2a$10$dummy','조양평','010-1111-0013','FARMER','ACTIVE','2025-07-01 09:00:00'),
(9014,'gov_farmer14@gov-seed.local','$2a$10$dummy','유용문','010-1111-0014','FARMER','ACTIVE','2025-07-15 09:00:00'),
(9015,'gov_farmer15@gov-seed.local','$2a$10$dummy','배강하','010-1111-0015','FARMER','ACTIVE','2025-08-01 09:00:00'),
(9016,'gov_farmer16@gov-seed.local','$2a$10$dummy','방청운','010-1111-0016','FARMER','ACTIVE','2025-08-10 09:00:00'),
(9017,'gov_farmer17@gov-seed.local','$2a$10$dummy','송양서','010-1111-0017','FARMER','ACTIVE','2025-09-01 09:00:00'),
(9018,'gov_farmer18@gov-seed.local','$2a$10$dummy','문옥천','010-1111-0018','FARMER','ACTIVE','2025-09-10 09:00:00'),
(9019,'gov_farmer19@gov-seed.local','$2a$10$dummy','노양평','010-1111-0019','FARMER','ACTIVE','2025-10-01 09:00:00'),
(9020,'gov_farmer20@gov-seed.local','$2a$10$dummy','하용문','010-1111-0020','FARMER','ACTIVE','2025-10-15 09:00:00'),
(9021,'gov_farmer21@gov-seed.local','$2a$10$dummy','신강하','010-1111-0021','FARMER','ACTIVE','2025-11-01 09:00:00'),
(9022,'gov_farmer22@gov-seed.local','$2a$10$dummy','권청운','010-1111-0022','FARMER','ACTIVE','2025-11-10 09:00:00'),
(9023,'gov_farmer23@gov-seed.local','$2a$10$dummy','황양서','010-1111-0023','FARMER','ACTIVE','2025-12-01 09:00:00'),
(9024,'gov_farmer24@gov-seed.local','$2a$10$dummy','안옥천','010-1111-0024','FARMER','ACTIVE','2025-12-10 09:00:00'),
(9025,'gov_farmer25@gov-seed.local','$2a$10$dummy','전양평','010-1111-0025','FARMER','ACTIVE','2026-01-01 09:00:00'),
(9031,'gov_buyer01@gov-seed.local','$2a$10$dummy','소비자A','010-2222-0001','USER','ACTIVE','2025-01-01 09:00:00'),
(9032,'gov_buyer02@gov-seed.local','$2a$10$dummy','소비자B','010-2222-0002','USER','ACTIVE','2025-01-01 09:00:00'),
(9033,'gov_buyer03@gov-seed.local','$2a$10$dummy','소비자C','010-2222-0003','USER','ACTIVE','2025-03-01 09:00:00'),
(9034,'gov_buyer04@gov-seed.local','$2a$10$dummy','소비자D','010-2222-0004','USER','ACTIVE','2025-06-01 09:00:00'),
(9035,'gov_buyer05@gov-seed.local','$2a$10$dummy','소비자E','010-2222-0005','USER','ACTIVE','2025-09-01 09:00:00'),
(9040,'gov-yangpyeong@gov-seed.local','$2a$10$dummy','양평군청','031-770-2001','GOV','ACTIVE','2025-01-01 09:00:00');

UPDATE users SET region = '양평군', region_code = '4183' WHERE email LIKE '%@gov-seed.local' AND id <= 9040;
INSERT INTO users (id, email, password, name, phone, role, status, region, region_code, created_at) VALUES
(9041, 'gov-gapyeong@gov-seed.local', '$2a$10$dummy', '가평군 담당자', '031-000-0000', 'GOV', 'ACTIVE', '가평군', '4182', NOW());

-- ═══════ 3. crop_categories ═══════
INSERT INTO crop_categories (id, name, description, display_order, is_active, created_at) VALUES
(9001,'[GS] 채소','엽채류, 과채류 등',1,true,NOW()),
(9002,'[GS] 근채류','뿌리 작물',2,true,NOW());

-- ═══════ 4. crops (7종) ═══════
INSERT INTO crops (id, category_id, code, name, growth_days, yield_per_sqm, avg_cost_per_sqm, is_active, created_at) VALUES
(9001,9001,'GS_LETTUCE','상추',45,2.50,800,true,NOW()),
(9002,9001,'GS_CABBAGE','배추',90,5.00,600,true,NOW()),
(9003,9001,'GS_TOMATO','토마토',120,4.50,1200,true,NOW()),
(9004,9001,'GS_PEPPER','고추',150,1.80,1000,true,NOW()),
(9005,9002,'GS_POTATO','감자',100,3.50,500,true,NOW()),
(9006,9002,'GS_CARROT','당근',90,3.00,700,true,NOW()),
(9007,9001,'GS_BOKCHOY','청경채',40,2.20,900,true,NOW());

-- ═══════ 5. farms (25개 — 각 읍면별 4~5개씩) ═══════
INSERT INTO farms (id, user_id, name, address, area, certification_status, created_at) VALUES
(9001,9001,'해맑은농장','경기도 양평군 양평읍 양근리 123',15000,'APPROVED','2025-01-10 09:00:00'),
(9002,9002,'늘푸른농원','경기도 양평군 용문면 마룡리 45',12000,'APPROVED','2025-01-15 09:00:00'),
(9003,9003,'들녘농장','경기도 양평군 강하면 전수리 78',8500,'APPROVED','2025-02-01 09:00:00'),
(9004,9004,'하늘빛농원','경기도 양평군 청운면 가현리 22',9200,'APPROVED','2025-02-10 09:00:00'),
(9005,9005,'양서농장','경기도 양평군 양서면 복포리 99',11000,'APPROVED','2025-03-01 09:00:00'),
(9006,9006,'옥천녹색농원','경기도 양평군 옥천면 옥천리 11',7800,'APPROVED','2025-03-15 09:00:00'),
(9007,9007,'양평유기농','경기도 양평군 양평읍 양근리 456',13500,'APPROVED','2025-04-01 09:00:00'),
(9008,9008,'용문청정농원','경기도 양평군 용문면 연수리 33',10500,'APPROVED','2025-04-10 09:00:00'),
(9009,9009,'강하들녘','경기도 양평군 강하면 운심리 55',9000,'APPROVED','2025-05-01 09:00:00'),
(9010,9010,'청운협동농장','경기도 양평군 청운면 용두리 18',8000,'APPROVED','2025-05-15 09:00:00'),
(9011,9011,'양서해맑은','경기도 양평군 양서면 대심리 77',12500,'APPROVED','2025-06-01 09:00:00'),
(9012,9012,'옥천가든팜','경기도 양평군 옥천면 신복리 44',7500,'APPROVED','2025-06-10 09:00:00'),
(9013,9013,'양평로하스','경기도 양평군 양평읍 백안리 28',14000,'APPROVED','2025-07-01 09:00:00'),
(9014,9014,'용문산농원','경기도 양평군 용문면 광탄리 66',11500,'APPROVED','2025-07-15 09:00:00'),
(9015,9015,'강하가을농장','경기도 양평군 강하면 대석리 92',8800,'APPROVED','2025-08-01 09:00:00'),
(9016,9016,'청운고추농장','경기도 양평군 청운면 부안리 35',7200,'APPROVED','2025-08-10 09:00:00'),
(9017,9017,'양서친환경','경기도 양평군 양서면 양수리 88',10000,'APPROVED','2025-09-01 09:00:00'),
(9018,9018,'옥천벌꿀농장','경기도 양평군 옥천면 아신리 16',6500,'APPROVED','2025-09-10 09:00:00'),
(9019,9019,'양평새싹','경기도 양평군 양평읍 공흥리 50',16000,'APPROVED','2025-10-01 09:00:00'),
(9020,9020,'용문토마토','경기도 양평군 용문면 삼성리 21',9500,'APPROVED','2025-10-15 09:00:00'),
(9021,9021,'강하감자밭','경기도 양평군 강하면 항금리 43',7800,'APPROVED','2025-11-01 09:00:00'),
(9022,9022,'청운배추밭','경기도 양평군 청운면 신론리 67',8500,'APPROVED','2025-11-10 09:00:00'),
(9023,9023,'양서유채원','경기도 양평군 양서면 도곡리 14',11200,'APPROVED','2025-12-01 09:00:00'),
(9024,9024,'옥천포도밭','경기도 양평군 옥천면 용천리 82',6800,'APPROVED','2025-12-10 09:00:00'),
(9025,9025,'양평새벽농장','경기도 양평군 양평읍 오빈리 71',14500,'APPROVED','2026-01-01 09:00:00');

-- ═══════ 6. seed_registrations (2025 + 2026 비교용) ═══════
INSERT INTO seed_registrations (id, farm_id, crop_id, seed_type, quantity, estimated_yield, yield_unit, verified, created_at) VALUES
(9001,9001,9001,'SEED',500,1250.00,'kg',true,'2025-03-01 09:00:00'),
(9002,9001,9002,'SEEDLING',300,3000.00,'kg',true,'2025-03-05 09:00:00'),
(9003,9007,9003,'SEED',200,2000.00,'kg',true,'2025-03-10 09:00:00'),
(9004,9007,9004,'SEEDLING',400,1500.00,'kg',true,'2025-03-15 09:00:00'),
(9005,9013,9001,'SEED',600,1500.00,'kg',true,'2025-04-01 09:00:00'),
(9006,9013,9005,'SEED',350,2100.00,'kg',true,'2025-04-05 09:00:00'),
(9007,9019,9002,'SEEDLING',500,5000.00,'kg',true,'2025-04-10 09:00:00'),
(9008,9019,9006,'SEED',250,1200.00,'kg',true,'2025-04-15 09:00:00'),
(9009,9025,9007,'SEED',400,880.00,'kg',true,'2025-04-20 09:00:00'),

(9010,9002,9003,'SEED',350,3150.00,'kg',true,'2025-03-01 09:00:00'),
(9011,9002,9004,'SEEDLING',300,1080.00,'kg',true,'2025-03-05 09:00:00'),
(9012,9008,9001,'SEED',450,1125.00,'kg',true,'2025-03-10 09:00:00'),
(9013,9008,9002,'SEEDLING',400,4000.00,'kg',true,'2025-03-15 09:00:00'),
(9014,9014,9003,'SEED',280,2520.00,'kg',true,'2025-04-01 09:00:00'),
(9015,9020,9003,'SEED',320,2880.00,'kg',true,'2025-04-10 09:00:00'),

(9016,9003,9005,'SEED',500,3500.00,'kg',true,'2025-03-01 09:00:00'),
(9017,9003,9002,'SEEDLING',350,3500.00,'kg',true,'2025-03-05 09:00:00'),
(9018,9009,9006,'SEED',280,1680.00,'kg',true,'2025-03-10 09:00:00'),
(9019,9015,9001,'SEED',400,1000.00,'kg',true,'2025-04-01 09:00:00'),
(9020,9021,9005,'SEED',450,3150.00,'kg',true,'2025-04-10 09:00:00'),

(9021,9004,9004,'SEEDLING',600,2160.00,'kg',true,'2025-03-01 09:00:00'),
(9022,9004,9002,'SEEDLING',300,3000.00,'kg',true,'2025-03-05 09:00:00'),
(9023,9010,9007,'SEED',350,770.00,'kg',true,'2025-03-10 09:00:00'),
(9024,9016,9004,'SEEDLING',500,1800.00,'kg',true,'2025-04-01 09:00:00'),
(9025,9022,9002,'SEEDLING',400,4000.00,'kg',true,'2025-04-10 09:00:00'),

(9026,9005,9001,'SEED',550,1375.00,'kg',true,'2025-03-01 09:00:00'),
(9027,9011,9003,'SEED',300,2700.00,'kg',true,'2025-03-10 09:00:00'),
(9028,9017,9006,'SEED',200,1200.00,'kg',true,'2025-04-01 09:00:00'),
(9029,9023,9007,'SEED',380,836.00,'kg',true,'2025-04-10 09:00:00'),

(9030,9006,9005,'SEED',300,2100.00,'kg',true,'2025-03-01 09:00:00'),
(9031,9012,9001,'SEED',250,625.00,'kg',true,'2025-03-10 09:00:00'),
(9032,9018,9006,'SEED',180,1080.00,'kg',true,'2025-04-01 09:00:00'),
(9033,9024,9002,'SEEDLING',350,3500.00,'kg',true,'2025-04-10 09:00:00');

-- 2026년 등록 (증감 차이가 나도록 조정)
INSERT INTO seed_registrations (id, farm_id, crop_id, seed_type, quantity, estimated_yield, yield_unit, verified, created_at) VALUES
(9101,9001,9001,'SEED',600,1500.00,'kg',true,'2026-03-01 09:00:00'),
(9102,9001,9002,'SEEDLING',400,4000.00,'kg',true,'2026-03-05 09:00:00'),
(9103,9007,9003,'SEED',180,1620.00,'kg',true,'2026-03-10 09:00:00'),
(9104,9007,9004,'SEEDLING',500,1800.00,'kg',true,'2026-03-15 09:00:00'),
(9105,9013,9001,'SEED',700,1750.00,'kg',true,'2026-04-01 09:00:00'),
(9106,9013,9005,'SEED',200,1400.00,'kg',true,'2026-04-05 09:00:00'),
(9107,9019,9002,'SEEDLING',600,6000.00,'kg',true,'2026-04-10 09:00:00'),
(9108,9002,9003,'SEED',400,3600.00,'kg',true,'2026-03-01 09:00:00'),
(9109,9008,9001,'SEED',500,1250.00,'kg',true,'2026-03-10 09:00:00'),
(9110,9003,9005,'SEED',600,4200.00,'kg',true,'2026-03-01 09:00:00'),
(9111,9003,9002,'SEEDLING',400,4000.00,'kg',true,'2026-03-05 09:00:00'),
(9112,9004,9004,'SEEDLING',700,2520.00,'kg',true,'2026-03-01 09:00:00'),
(9113,9005,9001,'SEED',650,1625.00,'kg',true,'2026-03-01 09:00:00'),
(9114,9006,9005,'SEED',350,2450.00,'kg',true,'2026-03-01 09:00:00'),
(9115,9011,9003,'SEED',350,3150.00,'kg',true,'2026-03-10 09:00:00'),
(9116,9014,9003,'SEED',300,2700.00,'kg',true,'2026-04-01 09:00:00');

-- ═══════ 7. balance_data (수급 데이터 — 2026년 사계절) ═══════
INSERT INTO balance_data (id, region_code, crop_id, year, season, supply_forecast, demand_forecast, supply_ratio, balance_status, calculated_at, created_at) VALUES

(9001,'4183000000',9001,2026,'SPRING',1200,1100,109.09,'BALANCED',NOW(),NOW()),
(9002,'4183000000',9002,2026,'SPRING',3500,2000,175.00,'EXCESS_WARN',NOW(),NOW()),
(9003,'4183000000',9003,2026,'SPRING',1800,2200,81.82,'SHORT_CAUTION',NOW(),NOW()),
(9004,'4183000000',9004,2026,'SPRING',2500,1800,138.89,'EXCESS_CAUTION',NOW(),NOW()),
(9005,'4183000000',9005,2026,'SPRING',800,1800,44.44,'SHORT_WARN',NOW(),NOW()),
(9006,'4183000000',9006,2026,'SPRING',600,950,63.16,'SHORT_CAUTION',NOW(),NOW()),
(9007,'4183000000',9007,2026,'SPRING',500,480,104.17,'BALANCED',NOW(),NOW()),

(9008,'4183000000',9001,2026,'SUMMER',1500,1400,107.14,'BALANCED',NOW(),NOW()),
(9009,'4183000000',9002,2026,'SUMMER',4000,2500,160.00,'EXCESS_WARN',NOW(),NOW()),
(9010,'4183000000',9003,2026,'SUMMER',2200,2400,91.67,'BALANCED',NOW(),NOW()),
(9011,'4183000000',9004,2026,'SUMMER',2800,2200,127.27,'EXCESS_CAUTION',NOW(),NOW()),
(9012,'4183000000',9005,2026,'SUMMER',1200,2000,60.00,'SHORT_CAUTION',NOW(),NOW()),
(9013,'4183000000',9006,2026,'SUMMER',800,1200,66.67,'SHORT_CAUTION',NOW(),NOW()),
(9014,'4183000000',9007,2026,'SUMMER',650,600,108.33,'BALANCED',NOW(),NOW()),

(9015,'4183000000',9001,2026,'AUTUMN',1100,1300,84.62,'SHORT_CAUTION',NOW(),NOW()),
(9016,'4183000000',9002,2026,'AUTUMN',5000,2800,178.57,'EXCESS_WARN',NOW(),NOW()),
(9017,'4183000000',9003,2026,'AUTUMN',2500,2600,96.15,'BALANCED',NOW(),NOW()),
(9018,'4183000000',9004,2026,'AUTUMN',3000,2500,120.00,'EXCESS_CAUTION',NOW(),NOW()),
(9019,'4183000000',9005,2026,'AUTUMN',1500,2200,68.18,'SHORT_CAUTION',NOW(),NOW()),
(9020,'4183000000',9006,2026,'AUTUMN',900,1400,64.29,'SHORT_CAUTION',NOW(),NOW()),
(9021,'4183000000',9007,2026,'AUTUMN',550,550,100.00,'BALANCED',NOW(),NOW()),

(9022,'4183000000',9001,2026,'WINTER',600,900,66.67,'SHORT_CAUTION',NOW(),NOW()),
(9023,'4183000000',9002,2026,'WINTER',3000,1500,200.00,'EXCESS_WARN',NOW(),NOW()),
(9024,'4183000000',9003,2026,'WINTER',1000,1800,55.56,'SHORT_WARN',NOW(),NOW()),
(9025,'4183000000',9004,2026,'WINTER',1800,1200,150.00,'EXCESS_CAUTION',NOW(),NOW()),
(9026,'4183000000',9005,2026,'WINTER',500,1600,31.25,'SHORT_WARN',NOW(),NOW()),
(9027,'4183000000',9006,2026,'WINTER',400,800,50.00,'SHORT_WARN',NOW(),NOW()),
(9028,'4183000000',9007,2026,'WINTER',300,400,75.00,'SHORT_CAUTION',NOW(),NOW());

-- ═══════ 8. product_categories ═══════
INSERT INTO product_categories (id, name, description, display_order, is_active, created_at) VALUES
(9001,'[GS] 채소','신선 채소류',1,true,NOW()),
(9002,'[GS] 과일','제철 과일',2,true,NOW()),
(9003,'[GS] 가공식품','잼, 꿀 등',3,true,NOW());

-- ═══════ 9. products (판매 상품 10개) ═══════
INSERT INTO products (id, seller_id, category_id, name, price, stock, description, status, created_at) VALUES
(9001,9001,9001,'유기농 상추',8000,100,'양평산 유기농 재배 상추','ACTIVE','2026-01-01 09:00:00'),
(9002,9003,9001,'GAP 토마토',12000,80,'강하면 GAP 인증 토마토','ACTIVE','2026-01-05 09:00:00'),
(9003,9008,9001,'무농약 배추',5000,150,'용문면 무농약 배추','ACTIVE','2026-01-10 09:00:00'),
(9004,9016,9001,'양평 고추',10000,60,'청운면 재래종 고추','ACTIVE','2026-01-15 09:00:00'),
(9005,9018,9003,'유채꽃 벌꿀',25000,40,'옥천면 천연 꿀','ACTIVE','2026-01-20 09:00:00'),
(9006,9005,9001,'친환경 감자',7000,120,'양서면 친환경 감자','ACTIVE','2026-02-01 09:00:00'),
(9007,9009,9001,'유기농 당근',6000,90,'강하면 유기농 당근','ACTIVE','2026-02-05 09:00:00'),
(9008,9011,9001,'清경채',4500,200,'양서면 수경재배 청경채','ACTIVE','2026-02-10 09:00:00'),
(9009,9014,9002,'용문 사과',15000,50,'용문면 부사 사과','ACTIVE','2026-02-15 09:00:00'),
(9010,9019,9001,'양평 쌈채소',9000,110,'양평읍 모듬 쌈채소','ACTIVE','2026-03-01 09:00:00');

-- ═══════ 10. orders + order_items (월별 거래 데이터 — 1월~4월) ═══════
-- 1월 주문
INSERT INTO orders (id, buyer_id, order_number, total_amount, status, receiver_name, shipping_address, created_at) VALUES
(9001,9031,'GS-2026-0101',24000,'COMPLETED','소비자A','서울시 강남구','2026-01-05 14:00:00'),
(9002,9032,'GS-2026-0102',50000,'COMPLETED','소비자B','서울시 서초구','2026-01-10 11:00:00'),
(9003,9033,'GS-2026-0103',35000,'COMPLETED','소비자C','경기도 성남시','2026-01-15 16:00:00'),
(9004,9031,'GS-2026-0104',25000,'COMPLETED','소비자A','서울시 강남구','2026-01-20 10:00:00'),
(9005,9034,'GS-2026-0105',48000,'COMPLETED','소비자D','서울시 마포구','2026-01-25 15:00:00');
INSERT INTO order_items (id, order_id, product_id, quantity, unit_price, subtotal, created_at) VALUES
(9001,9001,9001,3,8000,24000,'2026-01-05 14:00:00'),
(9002,9002,9005,2,25000,50000,'2026-01-10 11:00:00'),
(9003,9003,9002,2,12000,24000,'2026-01-15 16:00:00'),
(9004,9003,9003,1,5000,5000,'2026-01-15 16:00:00'),
(9005,9003,9007,1,6000,6000,'2026-01-15 16:00:00'),
(9006,9004,9005,1,25000,25000,'2026-01-20 10:00:00'),
(9007,9005,9002,4,12000,48000,'2026-01-25 15:00:00');

-- 2월 주문
INSERT INTO orders (id, buyer_id, order_number, total_amount, status, receiver_name, shipping_address, created_at) VALUES
(9006,9031,'GS-2026-0201',40000,'COMPLETED','소비자A','서울시 강남구','2026-02-03 10:00:00'),
(9007,9032,'GS-2026-0202',36000,'COMPLETED','소비자B','서울시 서초구','2026-02-08 14:00:00'),
(9008,9033,'GS-2026-0203',60000,'COMPLETED','소비자C','경기도 성남시','2026-02-14 09:00:00'),
(9009,9034,'GS-2026-0204',30000,'COMPLETED','소비자D','서울시 마포구','2026-02-20 13:00:00'),
(9010,9035,'GS-2026-0205',45000,'COMPLETED','소비자E','인천시 연수구','2026-02-25 11:00:00');
INSERT INTO order_items (id, order_id, product_id, quantity, unit_price, subtotal, created_at) VALUES
(9008,9006,9001,5,8000,40000,'2026-02-03 10:00:00'),
(9009,9007,9002,3,12000,36000,'2026-02-08 14:00:00'),
(9010,9008,9009,4,15000,60000,'2026-02-14 09:00:00'),
(9011,9009,9004,3,10000,30000,'2026-02-20 13:00:00'),
(9012,9010,9010,5,9000,45000,'2026-02-25 11:00:00');

-- 3월 주문
INSERT INTO orders (id, buyer_id, order_number, total_amount, status, receiver_name, shipping_address, created_at) VALUES
(9011,9031,'GS-2026-0301',56000,'COMPLETED','소비자A','서울시 강남구','2026-03-05 10:00:00'),
(9012,9032,'GS-2026-0302',75000,'COMPLETED','소비자B','서울시 서초구','2026-03-10 14:00:00'),
(9013,9033,'GS-2026-0303',48000,'COMPLETED','소비자C','경기도 성남시','2026-03-15 09:00:00'),
(9014,9034,'GS-2026-0304',62000,'COMPLETED','소비자D','서울시 마포구','2026-03-20 13:00:00'),
(9015,9035,'GS-2026-0305',38000,'COMPLETED','소비자E','인천시 연수구','2026-03-25 11:00:00'),
(9016,9031,'GS-2026-0306',50000,'COMPLETED','소비자A','서울시 강남구','2026-03-28 16:00:00');
INSERT INTO order_items (id, order_id, product_id, quantity, unit_price, subtotal, created_at) VALUES
(9013,9011,9001,7,8000,56000,'2026-03-05 10:00:00'),
(9014,9012,9005,3,25000,75000,'2026-03-10 14:00:00'),
(9015,9013,9002,4,12000,48000,'2026-03-15 09:00:00'),
(9016,9014,9003,4,5000,20000,'2026-03-20 13:00:00'),
(9017,9014,9001,3,8000,24000,'2026-03-20 13:00:00'),
(9018,9014,9006,2,7000,14000,'2026-03-20 13:00:00'),
(9019,9014,9008,1,4500,4000,'2026-03-20 13:00:00'),
(9020,9015,9004,2,10000,20000,'2026-03-25 11:00:00'),
(9021,9015,9007,3,6000,18000,'2026-03-25 11:00:00'),
(9022,9016,9005,2,25000,50000,'2026-03-28 16:00:00');

-- 4월 주문
INSERT INTO orders (id, buyer_id, order_number, total_amount, status, receiver_name, shipping_address, created_at) VALUES
(9017,9031,'GS-2026-0401',80000,'COMPLETED','소비자A','서울시 강남구','2026-04-02 10:00:00'),
(9018,9032,'GS-2026-0402',64000,'COMPLETED','소비자B','서울시 서초구','2026-04-07 14:00:00'),
(9019,9033,'GS-2026-0403',54000,'COMPLETED','소비자C','경기도 성남시','2026-04-12 09:00:00'),
(9020,9034,'GS-2026-0404',90000,'COMPLETED','소비자D','서울시 마포구','2026-04-17 13:00:00'),
(9021,9035,'GS-2026-0405',72000,'COMPLETED','소비자E','인천시 연수구','2026-04-22 11:00:00'),
(9022,9031,'GS-2026-0406',45000,'COMPLETED','소비자A','서울시 강남구','2026-04-25 16:00:00'),
(9023,9032,'GS-2026-0407',35000,'COMPLETED','소비자B','서울시 서초구','2026-04-27 10:00:00');
INSERT INTO order_items (id, order_id, product_id, quantity, unit_price, subtotal, created_at) VALUES
(9023,9017,9001,10,8000,80000,'2026-04-02 10:00:00'),
(9024,9018,9002,4,12000,48000,'2026-04-07 14:00:00'),
(9025,9018,9001,2,8000,16000,'2026-04-07 14:00:00'),
(9026,9019,9010,6,9000,54000,'2026-04-12 09:00:00'),
(9027,9020,9005,2,25000,50000,'2026-04-17 13:00:00'),
(9028,9020,9004,4,10000,40000,'2026-04-17 13:00:00'),
(9029,9021,9002,6,12000,72000,'2026-04-22 11:00:00'),
(9030,9022,9010,5,9000,45000,'2026-04-25 16:00:00'),
(9031,9023,9003,7,5000,35000,'2026-04-27 10:00:00');
